Dataset,Total Documents,Tokens,Unique Tokens,Avg Stopword Reduction %
Brown Corpus,15,1013606,135546,47.16264176894232
UD English Treebank,3914,82028,10606,38.38201589701078
20 Newsgroups,18846,3344146,128593,43.52369782898234
Reuters,10788,1476986,30804,30.86576311488396
